dataset,n,algorithm,time_us,symbol_ops
random,100,quick_sort,84,693
random,100,merge_sort,142.857,603
random,100,string_quick_sort,68,534
random,100,string_merge_sort_lcp,545.429,513
random,100,msd_radix_sort,268.143,354
random,100,msd_radix_sort_switch,40.4286,257
random,200,quick_sort,185.714,1733
random,200,merge_sort,329.857,1505
random,200,string_quick_sort,105,1333
random,200,string_merge_sort_lcp,1206.43,1165
random,200,msd_radix_sort,397.857,796
random,200,msd_radix_sort_switch,128.571,617
random,300,quick_sort,445.714,4383
random,300,merge_sort,580.857,2538
random,300,string_quick_sort,206,2552
random,300,string_merge_sort_lcp,1823.71,1897
random,300,msd_radix_sort,543.857,1244
random,300,msd_radix_sort_switch,180.143,1059
random,400,quick_sort,528.857,4254
random,400,merge_sort,769,3685
random,400,string_quick_sort,323.286,3090
random,400,string_merge_sort_lcp,2537.71,2699
random,400,msd_radix_sort,763.286,1678
random,400,msd_radix_sort_switch,274.857,1509
random,500,quick_sort,676.857,6153
random,500,merge_sort,1854,4890
random,500,string_quick_sort,477.571,4460
random,500,string_merge_sort_lcp,3451.71,3524
random,500,msd_radix_sort,785.571,2104
random,500,msd_radix_sort_switch,306.571,1992
random,600,quick_sort,664.714,6736
random,600,merge_sort,1274.86,6125
random,600,string_quick_sort,371.714,5108
random,600,string_merge_sort_lcp,4176.86,4338
random,600,msd_radix_sort,882,2548
random,600,msd_radix_sort_switch,323.857,2563
random,700,quick_sort,918.571,8863
random,700,merge_sort,1472.14,7472
random,700,string_quick_sort,479.714,6548
random,700,string_merge_sort_lcp,4958.86,5254
random,700,msd_radix_sort,1071.29,2994
random,700,msd_radix_sort_switch,385.857,3113
random,800,quick_sort,1094,11026
random,800,merge_sort,1675.86,8827
random,800,string_quick_sort,562.286,6994
random,800,string_merge_sort_lcp,5733.29,6136
random,800,msd_radix_sort,1106.57,3434
random,800,msd_radix_sort_switch,413.714,3700
random,900,quick_sort,1372.14,12876
random,900,merge_sort,2063.86,10235
random,900,string_quick_sort,716.571,8946
random,900,string_merge_sort_lcp,6714.29,7033
random,900,msd_radix_sort,2106,3896
random,900,msd_radix_sort_switch,697,4310
random,1000,quick_sort,1643.57,14437
random,1000,merge_sort,2274.43,11680
random,1000,string_quick_sort,1065.14,10067
random,1000,string_merge_sort_lcp,8152,7973
random,1000,msd_radix_sort,1335.29,4362
random,1000,msd_radix_sort_switch,566,4912
random,1100,quick_sort,1574,15731
random,1100,merge_sort,2640.57,13043
random,1100,string_quick_sort,978.429,11182
random,1100,string_merge_sort_lcp,8526,8830
random,1100,msd_radix_sort,1490.14,4792
random,1100,msd_radix_sort_switch,674.571,5605
random,1200,quick_sort,2211.57,18451
random,1200,merge_sort,2844.29,14579
random,1200,string_quick_sort,1095.86,13113
random,1200,string_merge_sort_lcp,10187.1,9813
random,1200,msd_radix_sort,1831,5264
random,1200,msd_radix_sort_switch,842.429,6257
random,1300,quick_sort,2320.29,20151
random,1300,merge_sort,3044.14,16092
random,1300,string_quick_sort,1062.43,12591
random,1300,string_merge_sort_lcp,10550.3,10741
random,1300,msd_radix_sort,1916.71,5760
random,1300,msd_radix_sort_switch,793.429,7086
random,1400,quick_sort,2437.71,20515
random,1400,merge_sort,3184.86,17657
random,1400,string_quick_sort,1091.57,13222
random,1400,string_merge_sort_lcp,11283.3,11706
random,1400,msd_radix_sort,1923.29,6256
random,1400,msd_radix_sort_switch,853.143,7575
random,1500,quick_sort,2261.86,22669
random,1500,merge_sort,3665.43,19182
random,1500,string_quick_sort,1423.57,15306
random,1500,string_merge_sort_lcp,12178.1,12646
random,1500,msd_radix_sort,2395,6728
random,1500,msd_radix_sort_switch,1049.71,8341
random,1600,quick_sort,3252,26427
random,1600,merge_sort,3861.86,20792
random,1600,string_quick_sort,1290.29,17213
random,1600,string_merge_sort_lcp,15278,13698
random,1600,msd_radix_sort,2193.14,7220
random,1600,msd_radix_sort_switch,1100.14,9027
random,1700,quick_sort,2929.43,26636
random,1700,merge_sort,4300.43,22376
random,1700,string_quick_sort,1441.29,18134
random,1700,string_merge_sort_lcp,17011.6,14614
random,1700,msd_radix_sort,3804.57,7726
random,1700,msd_radix_sort_switch,1210.86,9792
random,1800,quick_sort,3127.14,30904
random,1800,merge_sort,4753.29,23968
random,1800,string_quick_sort,1520,18669
random,1800,string_merge_sort_lcp,15429,15569
random,1800,msd_radix_sort,2758.71,8216
random,1800,msd_radix_sort_switch,1343.14,10462
random,1900,quick_sort,3084.71,30455
random,1900,merge_sort,4492.29,25597
random,1900,string_quick_sort,1571.86,20243
random,1900,string_merge_sort_lcp,15906.3,16596
random,1900,msd_radix_sort,3259.43,8752
random,1900,msd_radix_sort_switch,1319.29,11292
random,2000,quick_sort,3528.57,35199
random,2000,merge_sort,4908.86,27226
random,2000,string_quick_sort,1809.86,21487
random,2000,string_merge_sort_lcp,16673.1,17580
random,2000,msd_radix_sort,2767.71,9250
random,2000,msd_radix_sort_switch,1089.86,11956
random,2100,quick_sort,2666.86,33195
random,2100,merge_sort,4807.86,28917
random,2100,string_quick_sort,1339.29,21044
random,2100,string_merge_sort_lcp,15656.7,18643
random,2100,msd_radix_sort,2915.43,9748
random,2100,msd_radix_sort_switch,1262.86,12878
random,2200,quick_sort,3246,40839
random,2200,merge_sort,4108.43,30547
random,2200,string_quick_sort,1504.29,23722
random,2200,string_merge_sort_lcp,15279.6,19589
random,2200,msd_radix_sort,2726.71,10236
random,2200,msd_radix_sort_switch,1212.43,13708
random,2300,quick_sort,3178.43,40312
random,2300,merge_sort,5014.57,32252
random,2300,string_quick_sort,2231.71,24258
random,2300,string_merge_sort_lcp,21309.7,20656
random,2300,msd_radix_sort,3899.43,10750
random,2300,msd_radix_sort_switch,1662.71,14370
random,2400,quick_sort,4309.86,42541
random,2400,merge_sort,5989,33973
random,2400,string_quick_sort,2495,27477
random,2400,string_merge_sort_lcp,20853.6,21717
random,2400,msd_radix_sort,4650.86,11280
random,2400,msd_radix_sort_switch,1698.29,15165
random,2500,quick_sort,4759.14,45162
random,2500,merge_sort,6102.43,35659
random,2500,string_quick_sort,2555.14,26662
random,2500,string_merge_sort_lcp,21684.4,22702
random,2500,msd_radix_sort,4020.29,11774
random,2500,msd_radix_sort_switch,1804.71,15965
random,2600,quick_sort,4962.43,45710
random,2600,merge_sort,6264.57,37428
random,2600,string_quick_sort,2344.29,29057
random,2600,string_merge_sort_lcp,22898,23779
random,2600,msd_radix_sort,4319.14,12304
random,2600,msd_radix_sort_switch,1883.14,16814
random,2700,quick_sort,4933.57,47528
random,2700,merge_sort,6890.71,39162
random,2700,string_quick_sort,2392.29,29494
random,2700,string_merge_sort_lcp,24235.6,24785
random,2700,msd_radix_sort,4802.29,12834
random,2700,msd_radix_sort_switch,2094.29,18008
random,2800,quick_sort,5160.43,51151
random,2800,merge_sort,6881.71,40920
random,2800,string_quick_sort,2497.29,30874
random,2800,string_merge_sort_lcp,24384.1,25835
random,2800,msd_radix_sort,4857.43,13382
random,2800,msd_radix_sort_switch,2085.86,18669
random,2900,quick_sort,4975.86,49932
random,2900,merge_sort,7281.14,42670
random,2900,string_quick_sort,2651.57,33155
random,2900,string_merge_sort_lcp,25083.3,26827
random,2900,msd_radix_sort,4896.86,13922
random,2900,msd_radix_sort_switch,2155,19237
random,3000,quick_sort,5436.57,53751
random,3000,merge_sort,8604.29,44457
random,3000,string_quick_sort,2610.71,31912
random,3000,string_merge_sort_lcp,27559,27880
random,3000,msd_radix_sort,5258.14,14454
random,3000,msd_radix_sort_switch,2396.71,20089
reversed,100,quick_sort,69.5714,940
reversed,100,merge_sort,145.571,673
reversed,100,string_quick_sort,44.8571,574
reversed,100,string_merge_sort_lcp,523.857,383
reversed,100,msd_radix_sort,183.429,468
reversed,100,msd_radix_sort_switch,67.2857,556
reversed,200,quick_sort,196.714,2142
reversed,200,merge_sort,304.286,1460
reversed,200,string_quick_sort,102,1286
reversed,200,string_merge_sort_lcp,1185.14,770
reversed,200,msd_radix_sort,399.857,950
reversed,200,msd_radix_sort_switch,121.714,1138
reversed,300,quick_sort,375.143,3377
reversed,300,merge_sort,530.429,2292
reversed,300,string_quick_sort,149.429,2010
reversed,300,string_merge_sort_lcp,1889.43,1171
reversed,300,msd_radix_sort,501.429,1440
reversed,300,msd_radix_sort_switch,186.143,1700
reversed,400,quick_sort,448.143,4836
reversed,400,merge_sort,653.857,3152
reversed,400,string_quick_sort,235,3018
reversed,400,string_merge_sort_lcp,2498.86,1559
reversed,400,msd_radix_sort,713.857,1934
reversed,400,msd_radix_sort_switch,249.571,2269
reversed,500,quick_sort,554.429,6185
reversed,500,merge_sort,854,3874
reversed,500,string_quick_sort,268.143,3632
reversed,500,string_merge_sort_lcp,3091.57,1917
reversed,500,msd_radix_sort,881.857,2412
reversed,500,msd_radix_sort_switch,315.571,2878
reversed,600,quick_sort,690.143,7541
reversed,600,merge_sort,1047,4969
reversed,600,string_quick_sort,341.429,4497
reversed,600,string_merge_sort_lcp,4132.57,2390
reversed,600,msd_radix_sort,1049.71,2906
reversed,600,msd_radix_sort_switch,395.143,3474
reversed,700,quick_sort,938.286,9299
reversed,700,merge_sort,1476.43,5943
reversed,700,string_quick_sort,492.571,5418
reversed,700,string_merge_sort_lcp,5567.14,2849
reversed,700,msd_radix_sort,1428.29,3382
reversed,700,msd_radix_sort_switch,770.571,4072
reversed,800,quick_sort,1181.86,10575
reversed,800,merge_sort,1815.71,6731
reversed,800,string_quick_sort,561,6352
reversed,800,string_merge_sort_lcp,8496.29,3165
reversed,800,msd_radix_sort,1568.57,3836
reversed,800,msd_radix_sort_switch,606,4621
reversed,900,quick_sort,1316.43,12133
reversed,900,merge_sort,1896.14,7540
reversed,900,string_quick_sort,543.429,7111
reversed,900,string_merge_sort_lcp,6218,3534
reversed,900,msd_radix_sort,1491.43,4324
reversed,900,msd_radix_sort_switch,576.143,5199
reversed,1000,quick_sort,1253,13580
reversed,1000,merge_sort,1862,8232
reversed,1000,string_quick_sort,605.143,8086
reversed,1000,string_merge_sort_lcp,6825.86,3852
reversed,1000,msd_radix_sort,1673.57,4780
reversed,1000,msd_radix_sort_switch,642.143,5754
reversed,1100,quick_sort,1379.86,14893
reversed,1100,merge_sort,2087.14,9296
reversed,1100,string_quick_sort,689.571,9093
reversed,1100,string_merge_sort_lcp,8116.86,4296
reversed,1100,msd_radix_sort,1763.29,5246
reversed,1100,msd_radix_sort_switch,694.714,6314
reversed,1200,quick_sort,1501.71,16420
reversed,1200,merge_sort,2322.86,10483
reversed,1200,string_quick_sort,744.429,10078
reversed,1200,string_merge_sort_lcp,9124.86,4781
reversed,1200,msd_radix_sort,1935.43,5726
reversed,1200,msd_radix_sort_switch,761.714,6886
reversed,1300,quick_sort,1683.71,18302
reversed,1300,merge_sort,2536.71,11429
reversed,1300,string_quick_sort,822.286,10996
reversed,1300,string_merge_sort_lcp,9689.43,5157
reversed,1300,msd_radix_sort,2395.71,6216
reversed,1300,msd_radix_sort_switch,906.857,7432
reversed,1400,quick_sort,1972.29,19940
reversed,1400,merge_sort,3074,12567
reversed,1400,string_quick_sort,900.143,11995
reversed,1400,string_merge_sort_lcp,10913.7,5736
reversed,1400,msd_radix_sort,2587,6702
reversed,1400,msd_radix_sort_switch,880.429,8013
reversed,1500,quick_sort,2167.86,21509
reversed,1500,merge_sort,2967.29,13354
reversed,1500,string_quick_sort,1011,13001
reversed,1500,string_merge_sort_lcp,11131.7,6015
reversed,1500,msd_radix_sort,2510.29,7186
reversed,1500,msd_radix_sort_switch,955.857,8561
reversed,1600,quick_sort,2404.71,22806
reversed,1600,merge_sort,3519.29,14281
reversed,1600,string_quick_sort,1044.57,14063
reversed,1600,string_merge_sort_lcp,16543.3,6364
reversed,1600,msd_radix_sort,3793.71,7684
reversed,1600,msd_radix_sort_switch,1047.86,9132
reversed,1700,quick_sort,2168.57,24598
reversed,1700,merge_sort,3525.86,15220
reversed,1700,string_quick_sort,1053.71,14849
reversed,1700,string_merge_sort_lcp,14088,6788
reversed,1700,msd_radix_sort,3022.71,8176
reversed,1700,msd_radix_sort_switch,1143.14,9700
reversed,1800,quick_sort,2290.43,26057
reversed,1800,merge_sort,3993.57,15989
reversed,1800,string_quick_sort,1150.29,15902
reversed,1800,string_merge_sort_lcp,13619.1,7128
reversed,1800,msd_radix_sort,3099.86,8654
reversed,1800,msd_radix_sort_switch,1287.57,10261
reversed,1900,quick_sort,2733.57,27684
reversed,1900,merge_sort,3725.14,16714
reversed,1900,string_quick_sort,1215.43,16914
reversed,1900,string_merge_sort_lcp,17841,7355
reversed,1900,msd_radix_sort,5429.43,9130
reversed,1900,msd_radix_sort_switch,1407.71,10843
reversed,2000,quick_sort,2857,29366
reversed,2000,merge_sort,5310.14,17450
reversed,2000,string_quick_sort,1590.71,18022
reversed,2000,string_merge_sort_lcp,18038.7,7721
reversed,2000,msd_radix_sort,4784.57,9614
reversed,2000,msd_radix_sort_switch,1334.57,11384
reversed,2100,quick_sort,2770.71,30914
reversed,2100,merge_sort,4501.43,18426
reversed,2100,string_quick_sort,1372.71,19212
reversed,2100,string_merge_sort_lcp,18739.6,8045
reversed,2100,msd_radix_sort,3498.43,10114
reversed,2100,msd_radix_sort_switch,1328.57,11966
reversed,2200,quick_sort,2898.43,32246
reversed,2200,merge_sort,4681.14,19725
reversed,2200,string_quick_sort,1659.43,20237
reversed,2200,string_merge_sort_lcp,17750.4,8619
reversed,2200,msd_radix_sort,3924.14,10578
reversed,2200,msd_radix_sort_switch,1469.14,12538
reversed,2300,quick_sort,3164,33747
reversed,2300,merge_sort,5119.57,20953
reversed,2300,string_quick_sort,1715.71,21273
reversed,2300,string_merge_sort_lcp,17967.4,9165
reversed,2300,msd_radix_sort,3891.57,11068
reversed,2300,msd_radix_sort_switch,1490.14,13109
reversed,2400,quick_sort,3319.71,35177
reversed,2400,merge_sort,5294.71,22093
reversed,2400,string_quick_sort,1845.14,22413
reversed,2400,string_merge_sort_lcp,19055.9,9521
reversed,2400,msd_radix_sort,4077.29,11560
reversed,2400,msd_radix_sort_switch,1491.43,13671
reversed,2500,quick_sort,3299.71,36896
reversed,2500,merge_sort,5381.71,23295
reversed,2500,string_quick_sort,1821.43,23399
reversed,2500,string_merge_sort_lcp,24062,10156
reversed,2500,msd_radix_sort,4592.14,12028
reversed,2500,msd_radix_sort_switch,1606.71,14254
reversed,2600,quick_sort,4354.86,38923
reversed,2600,merge_sort,5515.71,24147
reversed,2600,string_quick_sort,1789.14,24632
reversed,2600,string_merge_sort_lcp,20933.9,10330
reversed,2600,msd_radix_sort,4539.14,12514
reversed,2600,msd_radix_sort_switch,1747.57,14827
reversed,2700,quick_sort,3769,40794
reversed,2700,merge_sort,5740.71,25276
reversed,2700,string_quick_sort,1935.43,25706
reversed,2700,string_merge_sort_lcp,20916.1,10836
reversed,2700,msd_radix_sort,4613.29,13002
reversed,2700,msd_radix_sort_switch,1700.57,15409
reversed,2800,quick_sort,3868.43,42692
reversed,2800,merge_sort,5812.43,26388
reversed,2800,string_quick_sort,2039.29,26618
reversed,2800,string_merge_sort_lcp,23632,11360
reversed,2800,msd_radix_sort,5057.71,13496
reversed,2800,msd_radix_sort_switch,2508.57,15972
reversed,2900,quick_sort,5194.43,44189
reversed,2900,merge_sort,6945.43,27237
reversed,2900,string_quick_sort,2343.14,27842
reversed,2900,string_merge_sort_lcp,26762.7,11621
reversed,2900,msd_radix_sort,5187.71,13966
reversed,2900,msd_radix_sort_switch,1958.43,16537
reversed,3000,quick_sort,4405,46120
reversed,3000,merge_sort,6891.71,28249
reversed,3000,string_quick_sort,2281.86,29007
reversed,3000,string_merge_sort_lcp,25271.3,12064
reversed,3000,msd_radix_sort,5244.57,14454
reversed,3000,msd_radix_sort_switch,2031.57,17148
nearly_sorted,100,quick_sort,80.7143,899
nearly_sorted,100,merge_sort,129.714,701
nearly_sorted,100,string_quick_sort,46,555
nearly_sorted,100,string_merge_sort_lcp,532.429,352
nearly_sorted,100,msd_radix_sort,184.714,476
nearly_sorted,100,msd_radix_sort_switch,66.1429,544
nearly_sorted,200,quick_sort,229.714,2093
nearly_sorted,200,merge_sort,301.286,1656
nearly_sorted,200,string_quick_sort,107.429,1243
nearly_sorted,200,string_merge_sort_lcp,1164,723
nearly_sorted,200,msd_radix_sort,320.143,924
nearly_sorted,200,msd_radix_sort_switch,125.714,1115
nearly_sorted,300,quick_sort,330.143,3593
nearly_sorted,300,merge_sort,496.857,2613
nearly_sorted,300,string_quick_sort,170.571,2289
nearly_sorted,300,string_merge_sort_lcp,1832.14,1102
nearly_sorted,300,msd_radix_sort,503.286,1396
nearly_sorted,300,msd_radix_sort_switch,184.571,1668
nearly_sorted,400,quick_sort,510.571,5440
nearly_sorted,400,merge_sort,664.571,3793
nearly_sorted,400,string_quick_sort,247.571,2850
nearly_sorted,400,string_merge_sort_lcp,2971.14,1522
nearly_sorted,400,msd_radix_sort,1036.29,1884
nearly_sorted,400,msd_radix_sort_switch,273.143,2199
nearly_sorted,500,quick_sort,637.571,6870
nearly_sorted,500,merge_sort,861.714,5132
nearly_sorted,500,string_quick_sort,299.286,3840
nearly_sorted,500,string_merge_sort_lcp,3107.86,2072
nearly_sorted,500,msd_radix_sort,854.714,2368
nearly_sorted,500,msd_radix_sort_switch,303.857,2819
nearly_sorted,600,quick_sort,786,8266
nearly_sorted,600,merge_sort,1059.86,6120
nearly_sorted,600,string_quick_sort,371.571,4547
nearly_sorted,600,string_merge_sort_lcp,4190.57,2491
nearly_sorted,600,msd_radix_sort,1009.14,2848
nearly_sorted,600,msd_radix_sort_switch,391.857,3379
nearly_sorted,700,quick_sort,969.286,10033
nearly_sorted,700,merge_sort,1307.14,7415
nearly_sorted,700,string_quick_sort,469.857,5503
nearly_sorted,700,string_merge_sort_lcp,4785.86,2976
nearly_sorted,700,msd_radix_sort,1148,3318
nearly_sorted,700,msd_radix_sort_switch,451.857,3948
nearly_sorted,800,quick_sort,1118.14,11557
nearly_sorted,800,merge_sort,1558.71,8610
nearly_sorted,800,string_quick_sort,465.571,6228
nearly_sorted,800,string_merge_sort_lcp,5409,3323
nearly_sorted,800,msd_radix_sort,1344.71,3804
nearly_sorted,800,msd_radix_sort_switch,496.857,4492
nearly_sorted,900,quick_sort,1401.57,14426
nearly_sorted,900,merge_sort,1846,9749
nearly_sorted,900,string_quick_sort,632.714,8053
nearly_sorted,900,string_merge_sort_lcp,6209.29,3721
nearly_sorted,900,msd_radix_sort,1463.29,4258
nearly_sorted,900,msd_radix_sort_switch,579.143,5062
nearly_sorted,1000,quick_sort,1504.71,15056
nearly_sorted,1000,merge_sort,1964.57,11369
nearly_sorted,1000,string_quick_sort,655,8389
nearly_sorted,1000,string_merge_sort_lcp,6779.14,4296
nearly_sorted,1000,msd_radix_sort,1675.86,4760
nearly_sorted,1000,msd_radix_sort_switch,631.571,5662
nearly_sorted,1100,quick_sort,1624.86,16906
nearly_sorted,1100,merge_sort,2177.71,12430
nearly_sorted,1100,string_quick_sort,672.857,9071
nearly_sorted,1100,string_merge_sort_lcp,7958,4711
nearly_sorted,1100,msd_radix_sort,1864.14,5232
nearly_sorted,1100,msd_radix_sort_switch,682.429,6219
nearly_sorted,1200,quick_sort,1948.43,20032
nearly_sorted,1200,merge_sort,2359,13473
nearly_sorted,1200,string_quick_sort,757.571,10004
nearly_sorted,1200,string_merge_sort_lcp,10221.7,5076
nearly_sorted,1200,msd_radix_sort,2353.86,5708
nearly_sorted,1200,msd_radix_sort_switch,894.286,6782
nearly_sorted,1300,quick_sort,2262.71,20246
nearly_sorted,1300,merge_sort,3087.57,14868
nearly_sorted,1300,string_quick_sort,1040.86,11660
nearly_sorted,1300,string_merge_sort_lcp,12157.7,5618
nearly_sorted,1300,msd_radix_sort,2719.43,6192
nearly_sorted,1300,msd_radix_sort_switch,998.143,7351
nearly_sorted,1400,quick_sort,2362.14,23117
nearly_sorted,1400,merge_sort,3483.57,16389
nearly_sorted,1400,string_quick_sort,964.571,12217
nearly_sorted,1400,string_merge_sort_lcp,12759.3,6206
nearly_sorted,1400,msd_radix_sort,2457.43,6688
nearly_sorted,1400,msd_radix_sort_switch,902.429,7964
nearly_sorted,1500,quick_sort,2315.57,23294
nearly_sorted,1500,merge_sort,3587.43,17746
nearly_sorted,1500,string_quick_sort,1066.29,13033
nearly_sorted,1500,string_merge_sort_lcp,11975.3,6629
nearly_sorted,1500,msd_radix_sort,2771.71,7176
nearly_sorted,1500,msd_radix_sort_switch,955.571,8536
nearly_sorted,1600,quick_sort,2707.43,25963
nearly_sorted,1600,merge_sort,3453.29,19103
nearly_sorted,1600,string_quick_sort,1159.86,14082
nearly_sorted,1600,string_merge_sort_lcp,12535.4,7128
nearly_sorted,1600,msd_radix_sort,2748.43,7668
nearly_sorted,1600,msd_radix_sort_switch,1048.71,9091
nearly_sorted,1700,quick_sort,2728.86,27410
nearly_sorted,1700,merge_sort,3729.43,20488
nearly_sorted,1700,string_quick_sort,1186,15319
nearly_sorted,1700,string_merge_sort_lcp,13459.6,7608
nearly_sorted,1700,msd_radix_sort,2986.14,8158
nearly_sorted,1700,msd_radix_sort_switch,1082.71,9672
nearly_sorted,1800,quick_sort,2952.43,29501
nearly_sorted,1800,merge_sort,3918.71,21929
nearly_sorted,1800,string_quick_sort,1249.43,16145
nearly_sorted,1800,string_merge_sort_lcp,13547.3,8156
nearly_sorted,1800,msd_radix_sort,3167.86,8654
nearly_sorted,1800,msd_radix_sort_switch,1157.43,10262
nearly_sorted,1900,quick_sort,2981,29836
nearly_sorted,1900,merge_sort,5087.29,23283
nearly_sorted,1900,string_quick_sort,2064.29,17413
nearly_sorted,1900,string_merge_sort_lcp,18600.4,8727
nearly_sorted,1900,msd_radix_sort,3148.71,9136
nearly_sorted,1900,msd_radix_sort_switch,1152.57,10860
nearly_sorted,2000,quick_sort,3026,32810
nearly_sorted,2000,merge_sort,4141.57,25057
nearly_sorted,2000,string_quick_sort,1313.57,18413
nearly_sorted,2000,string_merge_sort_lcp,15093,9176
nearly_sorted,2000,msd_radix_sort,3283.71,9602
nearly_sorted,2000,msd_radix_sort_switch,1262,11415
nearly_sorted,2100,quick_sort,3362.29,34521
nearly_sorted,2100,merge_sort,4801,26195
nearly_sorted,2100,string_quick_sort,1398.71,19221
nearly_sorted,2100,string_merge_sort_lcp,22787.1,9669
nearly_sorted,2100,msd_radix_sort,4517.86,10058
nearly_sorted,2100,msd_radix_sort_switch,2356.14,12022
nearly_sorted,2200,quick_sort,4013.57,35455
nearly_sorted,2200,merge_sort,5312,27362
nearly_sorted,2200,string_quick_sort,1696.29,20175
nearly_sorted,2200,string_merge_sort_lcp,19688.9,10100
nearly_sorted,2200,msd_radix_sort,3893.29,10548
nearly_sorted,2200,msd_radix_sort_switch,1459.29,12640
nearly_sorted,2300,quick_sort,3811.43,37465
nearly_sorted,2300,merge_sort,5280,28532
nearly_sorted,2300,string_quick_sort,1695.86,21554
nearly_sorted,2300,string_merge_sort_lcp,23249,10524
nearly_sorted,2300,msd_radix_sort,4139.57,11006
nearly_sorted,2300,msd_radix_sort_switch,1671.86,13221
nearly_sorted,2400,quick_sort,4110.43,39138
nearly_sorted,2400,merge_sort,6182.14,29877
nearly_sorted,2400,string_quick_sort,1862.71,22551
nearly_sorted,2400,string_merge_sort_lcp,19610,11060
nearly_sorted,2400,msd_radix_sort,4103.57,11484
nearly_sorted,2400,msd_radix_sort_switch,1604.57,13811
nearly_sorted,2500,quick_sort,4206.57,39419
nearly_sorted,2500,merge_sort,5735.86,31594
nearly_sorted,2500,string_quick_sort,1846.43,24164
nearly_sorted,2500,string_merge_sort_lcp,21148.7,11644
nearly_sorted,2500,msd_radix_sort,4254.71,11990
nearly_sorted,2500,msd_radix_sort_switch,1679.14,14420
nearly_sorted,2600,quick_sort,3977.86,40543
nearly_sorted,2600,merge_sort,5922.57,33125
nearly_sorted,2600,string_quick_sort,1970.57,24838
nearly_sorted,2600,string_merge_sort_lcp,22045.4,12316
nearly_sorted,2600,msd_radix_sort,4418,12480
nearly_sorted,2600,msd_radix_sort_switch,1784,15089
nearly_sorted,2700,quick_sort,4006.57,41254
nearly_sorted,2700,merge_sort,6312.71,34490
nearly_sorted,2700,string_quick_sort,1994.86,25788
nearly_sorted,2700,string_merge_sort_lcp,22758.3,12760
nearly_sorted,2700,msd_radix_sort,4650.86,12996
nearly_sorted,2700,msd_radix_sort_switch,1847.86,15730
nearly_sorted,2800,quick_sort,4076.14,42161
nearly_sorted,2800,merge_sort,6404,36046
nearly_sorted,2800,string_quick_sort,2202.57,26997
nearly_sorted,2800,string_merge_sort_lcp,25474.1,13479
nearly_sorted,2800,msd_radix_sort,4836.71,13490
nearly_sorted,2800,msd_radix_sort_switch,1911.71,16370
nearly_sorted,2900,quick_sort,4366.43,45182
nearly_sorted,2900,merge_sort,6602.43,37038
nearly_sorted,2900,string_quick_sort,2263.57,28705
nearly_sorted,2900,string_merge_sort_lcp,24336.4,13843
nearly_sorted,2900,msd_radix_sort,4957.43,13966
nearly_sorted,2900,msd_radix_sort_switch,2081.14,16998
nearly_sorted,3000,quick_sort,6548.86,47340
nearly_sorted,3000,merge_sort,7655.29,39044
nearly_sorted,3000,string_quick_sort,2309.29,29550
nearly_sorted,3000,string_merge_sort_lcp,29604.1,14694
nearly_sorted,3000,msd_radix_sort,5929.57,14454
nearly_sorted,3000,msd_radix_sort_switch,2052.29,17651
